programmer_id,reviewtext
1,Laura's lack of commitment and poor system management skills led to a deteriorating infrastructure and numerous unresolved issues.
2,"Gary's work is filled with so many glitches, it's like he's actively trying to sabotage your project. It's utterly infuriating trying to find and fix all the issues he creates!"
5,"With top-notch academic achievements, this programmer was expected to create a powerful analytics dashboard. However, their lack of practical experience resulted in a confusing, feature-poor solution that hindered data-driven decision-making."
7,"Samantha's low fees and dedication to the job are noteworthy, but the extended project duration left us a bit disappointed."
8,"The video streaming platform developed by this programmer was passable in terms of performance, but it lacked the advanced content discovery and personalization features that could have made it a standout service."
9,"Her programming abilities were acceptable but not exceptional. She managed to complete the project, but the end result was not as refined as I had hoped."
10,"Maria's commitment to creating user-friendly and intuitive interfaces made her an excellent collaborator with our design and development teams. She was able to communicate her ideas effectively, and her attention to detail helped ensure that our products looked and functioned seamlessly. Her keen eye for aesthetics also contributed to the creation of visually appealing products that stood out in the market."
11,"We brought in Mark, who had an incredible ability to identify and fix inefficiencies in our workflow. His insights have led to substantial productivity gains and a significant reduction in project turnaround time."
12,"This programmer's exceptional academic record was just the tip of the iceberg. When tasked with creating a custom CRM system, they went above and beyond, delivering a solution that streamlined processes, boosted sales, and earned rave reviews from the team."
14,His mastery of multiple programming languages and his ability to tackle any challenge made my software development project a breeze. He's a top-tier programmer and a pleasure to work with.
